Model,Log_Loss,Accuracy,AUC
Seed-Based,0.6053278060925359,0.7089552238805971,0.7670277344620182
Logistic Regression,0.5755694880577569,0.7276119402985075,0.7685035642682112
